DroneHome,CablesRUs,4
DroneHome,LeadsRUs,5
DroneHome,TechIsUs,2.5
DroneHome,gadgetsRUs,3
CablesRUs,LeadsRUs,3
CablesRUs,TechIsUs,2.5
CablesRUs,gadgetsRUs,5
LeadsRUs,TechIsUs,2.5
LeadsRUs,gadgetsRUs,4
TechIsUs,gadgetsRUs,2.5
CablesRUs,CablesRUs2,4
CablesRUs,LeadsRUs2,5
CablesRUs,TechIsUs2,2.5
CablesRUs,gadgetsRUs2,3
CablesRUs2,LeadsRUs2,3
CablesRUs2,TechIsUs2,2.5
CablesRUs,gadgetsRUs2,5
LeadsRUs2,TechIsUs2,2.5
LeadsRUs2,gadgetsRUs2,4
TechIsUs2,gadgetsRUs2,2.5
LeadsRUs,CablesRUs3,4
LeadsRUs,LeadsRUs3,5
LeadsRUs,TechIsUs3,2.5
LeadsRUs,gadgetsRUs3,3
CablesRUs3,LeadsRUs3,3
CablesRUs3,TechIsUs3,2.5
CablesRUs3,gadgetsRUs3,5
LeadsRUs3,TechIsUs3,2.5
LeadsRUs3,gadgetsRUs3,4
TechIsUs3,gadgetsRUs3,2.5
TechIsUs,CablesRUs4,4
TechIsUs,LeadsRUs4,5
TechIsUs,TechIsUs4,2.5
TechIsUs,gadgetsRUs4,3
CablesRUs4,LeadsRUs4,3
CablesRUs4,TechIsUs4,2.5
CablesRUs4,gadgetsRUs4,5
LeadsRUs4,TechIsUs4,2.5
LeadsRUs4,gadgetsRUs4,4
TechIsUs4,gadgetsRUs4,2.5
gadgetsRUs,CablesRUs5,4
gadgetsRUs,LeadsRUs5,5
gadgetsRUs,TechIsUs5,2.5
gadgetsRUs,gadgetsRUs5,3
CablesRUs5,LeadsRUs5,3
CablesRUs5,TechIsUs5,2.5
CablesRUs5,gadgetsRUs5,5
LeadsRUs5,TechIsUs5,2.5
LeadsRUs5,gadgetsRUs5,4
TechIsUs5,gadgetsRUs5,2.5
